CoinName,Algorithm,ProofType,TotalCoinsMined,TotalCoinSupply,PC1,PC2,PC3,CoinName,Class
42,Scrypt,PoW/PoS,41.99995383,42,-0.3368831705077224,1.0301318869173954,-0.5634136511703826,42 Coin,0
404,Scrypt,PoW/PoS,1055184902.04,532000000,-0.3202185544849204,1.0301830154287355,-0.563654945280414,404Coin,0
1337,X13,PoW/PoS,29279424622.5027,314159265359,2.30621891075264,1.6410692037736354,-0.6275734331027334,EliteCoin,0
BTC,SHA-256,PoW,17927175.0,21000000,-0.14385803015491416,-1.2755048017315522,0.1608512516236528,Bitcoin,1
ETH,Ethash,PoW,107684222.6865,0,-0.15646303188427213,-2.083974272248161,0.3994965471051723,Ethereum,1
LTC,Scrypt,PoW,63039243.3000049,84000000,-0.1667938997858247,-1.1329382531917367,0.003730979340295205,Litecoin,1
DASH,X11,PoW/PoS,9031294.37563393,22000000,-0.3970861968939456,1.2465378433026053,-0.5185960328325312,Dash,0
XMR,CryptoNight-V7,PoW,17201143.1449131,0,-0.14671789742662428,-2.1624757977093387,0.42951424911756186,Monero,1
ETC,Ethash,PoW,113359703.0,210000000,-0.15490460450113172,-2.0840917669442014,0.39949244516236365,Ethereum Classic,1
ZEC,Equihash,PoW,7383056.25,21000000,-0.17425439176193766,-1.9520417263820447,0.4279403438013827,ZCash,1
BTS,SHA-512,PoS,2741570000.0,3600570502,-0.27547027304295013,1.5107252570528038,0.008864508727824823,Bitshares,0
DGB,Multiple,PoW,11406219141.0,21000000000,0.1611149463003843,-1.8069788213540483,0.35972580733457005,DigiByte,1
BTCD,SHA-256,PoW/PoS,1288862.0,22000000,-0.3127776496228265,0.887532560473652,-0.40630482357442516,BitcoinDark,0
XPY,SHA-256,PoS,11995334.8847328,12500000,-0.26534320518156634,0.6357133770019519,-0.05392151445048929,PayCoin,0
PRC,Scrypt,PoW,5768310.0,21000000,-0.16794036246043295,-1.132921626106362,0.0037445377211037,ProsperCoin,1
KOBO,X15,PoW/PoS,25542535.5881841,350000000,-0.24477463200944902,1.8251742410704108,-0.6639144584431865,KoboCoin,0
SPR,X11,PoW,11149733.9976203,20000000,-0.2283510724043469,-0.9165038160588133,0.048563277129736876,Spreadcoin,1
ARG,Scrypt,PoW,12205795.4449549,64000000,-0.16755680140777354,-1.1329439167328859,0.0037425274626951967,Argentum,1
AUR,Scrypt,PoW/PoS,18135099.992959,16768584,-0.3365426923341225,1.0301284302609832,-0.5634179014255525,Aurora Coin,0
BLU,Scrypt,PoW/PoS,635423900.0,0,-0.3291195495054199,1.030344821932545,-0.5635546196439929,BlueCoin,0
XMY,Multiple,PoW,1688254250.0,2000000000,-0.09234601191329056,-1.799432830989806,0.36213894248265593,MyriadCoin,1
MOON,Scrypt,PoW,88.0,384000000000,2.5547371709903994,-1.3512368112627398,-0.0014522348255474108,MoonCoin,1
ZET,SHA-256,PoW,170204389.754849,169795588,-0.14094241285393302,-1.2755383710722896,0.16081545470187344,ZetaCoin,1
SXC,Scrypt,PoW,128940951.183046,250000000,-0.1648116257649087,-1.133010549228292,0.003714111880864132,SexCoin,1
QTL,Scrypt,PoW,7357794.7925,100000000,-0.16736076278982667,-1.1329660093186409,0.0037431156452368175,Quatloo,1
ENRG,Scrypt,PoW/PoS,123062801.128773,0,-0.33537958757366026,1.0301731261349423,-0.5634409525831374,EnergyCoin,0
QRK,Quark,PoW,259557164.91477,247000000,-0.23478945984448935,-0.46696008328616845,0.02823531029768179,QuarkCoin,1
RIC,Groestl,PoW,49548585.1412917,84000000,-0.2060976326396418,-1.1853219547155849,0.12427539397659261,Riecoin,1
DGC,Scrypt,PoW,33442988.3440364,48166000,-0.16740960191631993,-1.1329277974977692,0.0037380303519254847,Digitalcoin ,1
BTB,Scrypt,PoW/PoS,42579.476901,500000,-0.3368791056431053,1.0301316169182888,-0.5634136673754006,BitBar,0
CAT,Scrypt,PoW,7219956.64626131,21000000 ,-0.1679226262129168,-1.1329211396493897,0.003744215674000461,Catcoin,1
CBX,Scrypt,PoW/PoS,1039116.65144562,1000000,-0.3368633844934458,1.0301316665872915,-0.5634138952253557,CryptoBullion,0
CCN,Scrypt,PoW,4703879.51824446,13140000,-0.16800910198946406,-1.1329175139607108,0.00374488026793931,CannaCoin,1
CRYPT,X11,PoW,4996986.20575291,18000000,-0.22844042855368418,-0.9165047407773758,0.04856466918851451,CryptCoin,1
CSC,Scrypt,PoC,39999997299.8568,40000000000,0.6579015790480952,0.5830003269663216,-0.5220724763122913,CasinoCoin,0
DMD,Groestl,PoW/PoS,3304487.74735637,4380000,-0.3759506427037414,0.9777513233028182,-0.442873021812682,Diamond,0
XVG,Multiple,PoW,15929530669.1206,16555000000,0.18486190626407079,-1.8029358001307518,0.3587824863222413,Verge,1
DVC,SHA-256,PoW,18773857500.0,21000000000,0.2340618153481668,-1.281147277207649,0.15640625784982157,DevCoin,1
EAC,Scrypt,PoW,12539015186.822,13500000000,0.08076903281919266,-1.13638520254464,0.0007815732568964563,EarthCoin,1
EFL,Scrypt,PoW,20910478.8062499,21000000 ,-0.1677553551416266,-1.1329165518593973,0.0037411784383106664,E-Gulden,1
EMC2,Scrypt,PoW,218871896.499999,299792458,-0.16335977547665276,-1.133008722498073,0.0036934866871709683,Einsteinium,1
EMD,Scrypt,PoW,19496786.31025,32000000,-0.16769462801328155,-1.1329232797047255,0.0037413431546229224,Emerald,1
EXCL,PoS,PoS,5679705.0,0,-0.3423857645203149,1.479233827606901,-0.024511763830951886,Exclusive Coin,0
FLT,Scrypt,PoS/PoW/PoT,461829905.32893,0,-0.3097122504985282,0.4245950106375499,-0.31143710291482435,FlutterCoin,0
FRK,Scrypt,PoW,1142732.14912776,11235813,-0.1680661145151986,-1.1329176246907742,0.003745696084369638,Franko,1
FTC,NeoScrypt,PoW,208669093.00773,336000000,-0.176293189260129,-1.5974433008865192,0.16935950780920486,FeatherCoin,1
GDC,Scrypt,PoW,884125802.0,1420609614,-0.14728411303365252,-1.1334230376565035,0.0035307275545186814,GrandCoin,1
GLC,Scrypt,PoW,65672720.4708748,70000000,-0.1668609961929917,-1.1329294109224497,0.0037305846273470206,GlobalCoin,1
GLD,Scrypt,PoW,41658647.9999715,72245700,-0.16713847662338238,-1.1329387350109374,0.0037358817368651873,GoldCoin,1
HBN,Scrypt,PoW/PoS,89266933.684704,120000000,-0.3349416008654887,1.0300935742802886,-0.5634350794665235,HoboNickels,0
HYP,X11,PoS,1678520090.7713,0,-0.3294733530909275,0.9952816363609864,-0.16658055454446818,HyperStake,0
IFC,Scrypt,PoW,90595753018.6314,90600000000,1.5811744506776315,-1.1540634471823603,-0.017579004609414167,Infinite Coin,1
IOC,X11,PoW/PoS,17650913.9743456,22000000,-0.39698088221072597,1.2465407317975876,-0.5185979450909513,IOCoin,0
IXC,SHA-256,PoW,21089348.999,21000000,-0.1438193946502767,-1.2755037420648698,0.1608505500968881,IXcoin,1
KGC,Scrypt,PoW,151447649.8,265420800,-0.1644272914727358,-1.1330117746515673,0.0037089100241803697,KrugerCoin,1
LKY,Scrypt,PoW,19326319.14375,20000000,-0.1677818013131943,-1.132916514167224,0.003741543420696868,LuckyCoin,1
LTB,Scrypt,PoW,1104344.22938102,1350000,-0.16813668262745632,-1.1329120169245752,0.0037458384282700622,Litebar ,1
MAX,SHA3,PoW/PoS,61445805.0,100000000,-0.40962441627344987,1.9458103229642454,-0.5360839000420367,MaxCoin,0
MEC,Scrypt,PoW,38151999.9930997,42000000,-0.1673957894685852,-1.132922713763656,0.0037370691311844726,MegaCoin,1
MED,HybridScryptHash256,PoW,40431856.9,200000000,-0.1553296085651067,-2.3064761852053426,0.5302177905525474,MediterraneanCoin,1
MINT,Scrypt,PoS,21293925445.4969,0,-0.029342572000916826,0.7854394581257399,-0.21575214242991922,MintCoin,0
MINC,Scrypt,PoW,5804204.88794916,10000000,-0.16801792354728054,-1.132915359970675,0.003744678668521548,MinCoin,1
MZC,SHA-256,PoW/PoS,1613836099.99999,2419200000,-0.2760772642038883,0.8867099958679749,-0.4066950180943613,MazaCoin,0
NAUT,Scrypt,PoS,16180000.0,16180000,-0.28919975748317733,0.7782999371756202,-0.2110319039746464,Nautilus Coin,0
NAV,X13,PoW/PoS,66087096.2077108,0,-0.2783750584577556,1.8098964893781853,-0.6168395892552904,NavCoin,0
NOBL,Scrypt,PoW,2366066305.76482,15000000000,-0.032887942294623954,-1.1406470618418347,0.0030181310216746103,NobleCoin,1
NMC,SHA-256,PoW,14736400.0,21000000,-0.14389701510715158,-1.2755058709826341,0.16085195949553655,Namecoin,1
NYAN,Scrypt,PoW,334709223.483138,337000000,-0.1616806385997004,-1.1329910591383954,0.0036672845415112094,NyanCoin,1
OPAL,X13,PoW/PoS,15156364.3306548,0,-0.27899733114999586,1.8098794221327381,-0.616828290297168,OpalCoin,0
ORB,NeoScrypt,PoW/PoS,3220616.279225,3770000,-0.34988258812634626,0.5657202493536229,-0.39775016889975584,Orbitcoin,0
POT,Scrypt,PoW/PoS,222677226.014206,420000000,-0.3311843280504444,1.029967714448774,-0.5634687376754565,PotCoin,0
PXC,Scrypt,PoW/PoS,73959274.625,98000000,-0.3352846294500949,1.0301009527904954,-0.5634313856484358,PhoenixCoin,0
RDD,Scrypt,PoW/PoS,29315567169.0888,0,0.02129500980172184,1.0399557390860752,-0.5699172954940687,Reddcoin,0
RPC,Scrypt,PoW,1104157.42169891,21000000,-0.16799734916914394,-1.132923189096602,0.003745572461087229,RonPaulCoin,1
SBC,Scrypt,PoW,24215181.725,250000000,-0.16609116729329068,-1.1330456435681167,0.003737345241937763,StableCoin,1
SMC,Scrypt,PoW,25593737.1355044,51200000,-0.16748399050126456,-1.1329321528333363,0.003739730632219007,SmartCoin,1
SUPER,X11,PoS,50707661.7493518,0,-0.34936199763494535,0.9947361449995926,-0.166219425147958,SuperCoin,0
SYNC,X11,PoW/PoS,1177.0,1000,-0.3973525192588691,1.2465473248925045,-0.5185937316975535,SyncCoin,0
SYS,SHA-256,PoW,563336541.299966,888000000,-0.131046417001789,-1.2758149685749665,0.1607185159515786,SysCoin,1
TES,Multiple,PoS,80260463.7331396,100000000,-0.24681760615850343,0.11232390768609964,0.14774719894141147,TeslaCoin,0
TGC,SHA-256,PoW,43536800.0,47011968,-0.14336068357293555,-1.27551100900594,0.16084521800807344,TigerCoin,1
TIT,PHI1612,PoS,1622326490.46336,2300000000,-0.309327150084059,1.5436998236814534,-0.1689260590559669,TittieCoin,0
TOR,X11,PoW/PoS,1431851.00002479,10000000,-0.39726413757252843,1.2465421193380801,-0.5185941844516945,TorCoin,0
TRC,SHA-256,PoW,22935396.0,42000000,-0.14364793118619357,-1.2755150631005021,0.16084985626822998,TerraCoin,1
UNB,SHA-256,PoW,2278150.0,80000000,-0.14363086848668363,-1.2755435905856227,0.16085392464950196,UnbreakableCoin,1
UNO,SHA-256,PoW,200911.79151896,250000,-0.1442217456962438,-1.2754989444065437,0.160855465086228,Unobtanium,1
URO,X11,PoW,1207310.0,0,-0.22861436668576818,-0.9164957767310827,0.048565753598363175,UroCoin,1
USDE,Scrypt,PoW/PoS,1098952592.6,1600000000,-0.3121107429200208,1.0295904653489785,-0.5636791129946915,UnitaryStatus Dollar,0
UTC,Scrypt,PoW/PoS,50235211.141939,100000000,-0.33556030877349524,1.0300918655800628,-0.563426149551148,UltraCoin,0
VIA,Scrypt,PoW,23150892.1679687,23000000,-0.1677137999719546,-1.1329169381915412,0.003740654329025642,ViaCoin,1
VRC,Scrypt,PoST,32021108.4136696,0,-0.3018641625356608,0.3141436863824636,-0.26089562371997443,VeriCoin,0
VTC,Lyra2REv2,PoW,51173723.8166347,84000000,-0.18798847542283548,-1.269446992257309,0.2290252680913824,Vertcoin,1
WDC,Scrypt,PoW,119606941.0,265420800,-0.16481632188438658,-1.1330224446963966,0.0037159738699582417,WorldCoin,1
XC,X11,PoW/PoS,6950831.0970606,5500000,-0.39722861551249816,1.2465465272853595,-0.5185953479167417,X11 Coin,0
XCR,Multiple,PoS,100000000.0,0,-0.24728551585197409,0.11238737806185238,0.14774417346834648,Crypti,0
XJO,SHA-256,PoW,39195739.362088,45000000,-0.14342798935631315,-1.2755113198109629,0.16084620830695123,JouleCoin,1
XST,X13,PoW/PoS,33093725.4123502,0,-0.2787781721165278,1.8098854330682381,-0.6168322696920094,StealthCoin,0
ZCC,Scrypt,PoW/PoS,147990237.978331,1000000000,-0.3279841462648633,1.0296129243067629,-0.5634600200575479,ZCC Coin,0
BCN,CryptoNight,PoW,184066828814.0,184467440735,3.8642040605169776,-2.404200553092625,0.33933850897523515,ByteCoin,1
XDN,CryptoNight,PoW,6906587610.38292,10000000000,0.46252948870797966,-2.364373823999118,0.38100324654524087,DigitalNote ,1
BURST,Shabal256,PoC,1813033920.0,2158812800,-0.009408633038356167,1.2555074595660287,-0.8164782882824487,BurstCoin,0
SJCX,Counterparty,PoS,51173144.0,500000000,-0.31671842389681787,1.4350369409545156,0.034505660629956025,StorjCoin,0
MONA,Scrypt,PoW,68194674.8711679,105120000,-0.16658115129013784,-1.1329485334560132,0.0037295497017954316,MonaCoin,1
NTRN,SHA-256,PoW/PoS,39121694.0,68000000,-0.3119892269710856,0.8875190849823842,-0.40631383948721767,Neutron,0
FAIR,Groestl,PoW/PoS,53193831.0,0,-0.3753721517613417,0.9777705318433532,-0.4428840304457183,FairCoin,0
NLG,Scrypt,PoW,415032420.0,1680000000,-0.15117619985546443,-1.1337277118881732,0.00363128423894578,Gulden,1
RBY,Scrypt,PoS,27184490.3918338,0,-0.28918003479749127,0.7783128240804559,-0.21103412628141865,RubyCoin,0
PTC,Scrypt,PoW,137517654.41397,166386000,-0.1652997320568893,-1.132960135941474,0.003713341054119168,PesetaCoin,1
KORE,X13,PoW/PoS,2022464.886973,12000000,-0.2790727108652066,1.8098681982086768,-0.6168255389959735,Kore,0
WBB,Scrypt,PoW,181919.2435974,2628000,-0.16813889069292243,-1.1329130526491864,0.003746025767091191,Wild Beast Coin,1
NOTE,Scrypt,PoS,174646113.934655,500000000,-0.2838329070607958,0.77807796191116,-0.211073609238286,Dnotes,0
FLO,Scrypt,PoW,152270664.860648,160000000,-0.1651647618256573,-1.1329515613107808,0.0037101545553384165,Flo,1
8BIT,Scrypt,PoW/PoS,1467841.0,0,-0.33686523720824274,1.0301323788110146,-0.5634139768003096,8BIT Coin,0
STV,X13,PoW/PoS,7096834.0,10000000,-0.27902489387751983,1.8098710357757293,-0.6168266376676264,Sativa Coin,0
ABY,Scrypt,PoW,792537250.0,1000000000,-0.15138563498089788,-1.133214589844841,0.0035567403633860965,ArtByte,1
FLDC,Stanford Folding,PoW,719416990.0,1000000000,-0.12896240426976732,-2.184612436209956,0.38398409662088345,Folding Coin,1
U,X11,PoS,2689812.0,20000000,-0.34980686312775566,0.9947086827776335,-0.16620904315801358,Ucoin,0
UIS,Multiple,PoW,65113302.0,0,-0.12635933499143834,-1.7988396465309606,0.3625261101826831,Unitus,1
CYP,QuBit,PoW,6365285.0,0,-0.17429657632233095,-1.5639008082871273,0.1779192430686442,CypherPunkCoin,1
OMC,Scrypt,PoW,10140044.4430293,3371337,-0.16801195121019782,-1.1329101382396989,0.0037438064990519587,OmniCron,1
VTR,Scrypt,PoW/PoS,11604722.0,20000000,-0.3365995670473096,1.0301244046471894,-0.5634164964091275,Vtorrent,0
GRE,Scrypt,PoW,4610340640.89,10000000000,-0.04092174090963383,-1.1370522138367747,0.0025879265240821296,GreenCoin,1
XCN,M7 POW,PoW,708506520.0,1840000000,-0.09349286737041528,-2.2521635459303275,0.42036143553597577,Cryptonite,1
MSC,Scrypt,PoW,619478.0,619478,-0.16814778677459716,-1.1329117640645767,0.0037459558849280835,MasterCoin,1
SOON,SHA-256,PoW,12462620.0,21000000,-0.14392479619629012,-1.275506632942259,0.16085246393252517,SoonCoin,1
1CR,Scrypt,PoW,88213.0,92000000000,0.48420204954444157,-1.185218667100318,0.0025006473435338454,1Credit,1
ISL,X11,PoW/PoS,1513704.0,0,-0.39733404626486085,1.2465478323194656,-0.5185940672373964,IslaCoin,0
NXS,SHA3,PoW/nPoS,63657220.0,78000000,-0.4000876487590174,2.0166340829585265,-0.20562906891737975,Nexus,0
MARS,X11,PoW,32221574.820996,33000000,-0.228001434829143,-0.9165041459546011,0.04855842636673709,MarsCoin ,1
CTO,Lyra2RE,PoW,13742738.0,65789100,-0.1299416856246259,-2.286465591022242,0.42142052874946556,Crypto,1
ACP,SHA-256,PoW,14747200.0002,53760000,-0.14366458600920728,-1.2755244932314078,0.16085151361647876,Anarchists Prime,1
DRZ,QUAIT,PoW/PoS,8568038.35935056,5060000,-0.4099120968135293,1.9520480237558995,-0.6347346928573363,Droidz,0
BSC,X11,PoW,15863837.5,21000000,-0.22828638451686373,-0.9165028048848549,0.0485622177708303,BowsCoin,1
SQL,X11,PoS/PoW,329200.01639,0,-0.3565059976786305,0.7414468616962002,-0.09435388650598513,Squall Coin,0
SONG,Scrypt,PoW,32565300.0,210240000,-0.16627107866765384,-1.1330202396306812,0.0037360310166811217,Song Coin,1
ZNY,Scrypt,PoW,75614500.0,250000000,-0.1654631694031464,-1.1330284192960811,0.003725942328150561,BitZeny,1
DIGS,Scrypt,PoS,100000000.0,100000000,-0.2875812857177716,0.778280369549698,-0.2110516341003139,Diggits,0
EXP,Ethash,PoW,10495278.0,16906397,-0.15753060714985842,-2.0840164531648613,0.3995178795577913,Expanse,1
CON,X13,PoW/PoS,23042604.0,50000000,-0.2785464330477513,1.809853637107606,-0.6168307167223402,Paycon,0
SC,Blake2b,PoW,33098296530.0,0,0.39439652868023306,-2.298226244712073,0.4261696607288934,Siacoin,1
EMC,SHA-256,PoW/PoS,43059794.804778,1000000000,-0.30533241344897366,0.8869905112332124,-0.40632732994886733,Emercoin,0
EGC,X15,PoW/PoS,13530556.4180753,26298000,-0.24721672580240353,1.8253542582231188,-0.6639074115291405,EverGreenCoin,0
MND,X11,PoW,15867695.0,16000000,-0.228321791772807,-0.9164999608162441,0.048562284601719324,MindCoin,1
I0C,SHA-256,PoW,20997476.8650231,21000000,-0.14382051714583183,-1.2755037728518661,0.16085057047867637,I0coin,1
DCR,BLAKE256,PoW/PoS,10365046.9281661,21000000,-0.0730379174107928,1.014102432882525,-0.5019456534664892,Decred,0
RVR,Scrypt,PoW,210000000.0,210000000,-0.16410487979436647,-1.1329606435650537,0.0036966704636526224,Revolution VR,1
HODL,1GB AES Pattern Search,PoW,11448949.0,81962100,-0.1539565727820566,-2.051173664928464,0.41381751593074234,HOdlcoin,1
EDRC,SHA-256,PoW/PoS,3669691.84494672,22000000,-0.31274856059655926,0.8875333583064307,-0.4063053517603695,EDRCoin,0
HTC,X11,PoW/PoS,10996318099.0,26550000000,-0.07473651336461261,1.2351371281653938,-0.5213926754857486,Hitcoin,0
GAME,Scrypt,PoW,69836100.0,84000000,-0.1667108556558545,-1.1329359755173896,0.0037294714609360977,Gamecredits,1
DBIC,SHA-256,PoW/PoS,5129014.0,10500000,-0.3128122756595204,0.887540385720171,-0.4063055198309323,DubaiCoin,0
DIEM,SHA-256,PoW,21739971929.0,21626280000 ,0.27474273496436713,-1.280509386202647,0.15573974864287846,CarpeDiemCoin,1
PWR,NIST5,PoW/PoS,10069449031.9252,0,-0.21987991297554374,1.5273939536663173,-0.5960833955686496,PWR Coin,0
BLRY,Scrypt,PoW/PoS,8998743.2411911,42000000,-0.33647540764487105,1.0301110231513146,-0.5634162160953681,BillaryCoin,0
GPU,Scrypt,PoS,40477042.0,221052632,-0.2874501690278367,0.7781915978871812,-0.21104006769099073,GPU Coin,0
ADZ,X11,PoW,45110324.0,84000000,-0.22748232508909821,-0.9165288231588996,0.04855487659992633,Adzcoin,1
SOIL,Dagger,PoW,5702048.0,30000000,-0.13286231403102183,-2.276724892999458,0.3685309024590159,SoilCoin,1
YOC,Scrypt,PoW,636462.55983338,168351300,-0.16695821347254466,-1.1330071231703709,0.0037436814751049844,YoCoin,1
SIB,X11GOST,PoW,17263355.0,24000000,-0.16602180156036858,-2.1221499621763,0.3781991198508478,SibCoin,1
ERC,X11,PoW/PoS,10407269.7881868,384000000,-0.39450248758353784,1.2463324874238915,-0.5186012386071533,EuropeCoin,0
ZEIT,Scrypt,PoS,36971236046.8073, 99000000000,0.8641999815761371,0.7344060713366071,-0.22057034230098976,ZeitCoin,0
SWING,SHA-256,PoW/PoS,4377081.60953993,40000000,-0.3126122819013477,0.8875233613643342,-0.4063057523664689,SwingCoin,0
SAFEX,Scrypt,PoC,2147483647.0,2147483647,-0.07298873593207675,0.5918369286851087,-0.5131624923675037,SafeExchangeCoin,0
NEBU,PoS,PoS,20000000.0,20000000,-0.3420689813241552,1.4792272553344474,-0.02451521152813308,Nebuchadnezzar,0
FRN,Scrypt,PoW,6570807.65677618,20000000,-0.16793764840553657,-1.132920788628582,0.003744373224723111,Francs,1
BOLI,X11,PoW,13654082.4987998,25000000,-0.2282850198377332,-0.9165058196100019,0.048562653854565194,BolivarCoin,1
XRA,X11,PoW/PoS,134554941.15119,75000000,-0.39517672998627,1.2465497737320688,-0.5186245976713197,Ratecoin,0
REV,SHA-256,PoW/PoS,1195525.0,222725000,-0.31135547365184413,0.8874184059558394,-0.40630752014915594,Revenu,0
CKC,SHA-256,PoW/PoS,16662820.0,525000000,-0.30902309897140295,0.8872517291356931,-0.40631504355887,Clockcoin,0
VIP,NIST5,PoW/PoS,83450403.0,90000000,-0.34125086332206506,1.5239964055235615,-0.5938692249846126,VIP Tokens,0
BSD,X11,PoW/PoS,24387724.5010828,139000000,-0.3960689390713498,1.2464764683931533,-0.518601023517248,BitSend,0
OMNI,Scrypt,PoW,616448.0,616448,-0.16814784528055565,-1.132911763357229,0.0037459565981501643,Omni,1
LIR,POS 3.0,PoS,38589808.6658096,33500000,-0.32644425240495645,1.4124819703528868,0.05429539545490783,Let it Ride,0
PUT,Scrypt,PoW/PoS,813092338.575672,2000000000,-0.3127670382170947,1.029267249498178,-0.5636211099700832,PutinCoin,0
IBANK,Scrypt,PoW/PoS,4526324.0,44333333,-0.33651350637365113,1.0301081977836801,-0.5634152554784424,iBankCoin,0
FRWC,Scrypt,PoW/PoS,100000000.0,100000000,-0.3349522815961865,1.0301085421098273,-0.5634371898453775,Frankywillcoin,0
MUDRA,X13,PoS,5000000.0,200000000,-0.23033225045422423,1.5579341350662725,-0.26444318883454276,MudraCoin,0
PIZZA,X11,PoW,1377917.0,25000000,-0.2284350102712845,-0.9165099334391578,0.04856537731591675,PizzaCoin,1
LC,X11,PoS,657000000.0,657000000,-0.33729559937506604,0.9945657770563645,-0.16636282483750245,Lutetium Coin,0
KMD,Equihash,dPoW/PoW,115898131.0,200000000,-0.3646796210701463,-1.0481907495404905,0.6200587961055622,Komodo,1
GB,X11,PoW/PoS,15563873.0,50000000,-0.39680783715179835,1.246524112870282,-0.5185978611272956,GoldBlocks,0
CTC,Scrypt,PoW/PoS,43165500.0,90000000,-0.33571759541835844,1.0300951820221476,-0.563424445765819,CarterCoin,0
KRB,CryptoNight,PoW,7822432.72439746,10000000,0.3074023738007652,-2.36100578227459,0.38266897222137175,Karbo,1
BXT,SHA-256,PoW/PoS,595429.0,21000000,-0.31279321287836503,0.8875328966545774,-0.40630465619931627,BitTokens,0
ZYD,SHA-256,PoW,6243840.0,9736000,-0.14408064901660578,-1.275502312693425,0.16085399605038428,ZayedCoin,1
MST,X11,PoW/PoS,657636.34549789,3000000,-0.39732323308427003,1.2465458397796296,-0.518593917931207,MustangCoin,0
ZNE,Scrypt,PoW/PoS,2581970.0,21000000,-0.33670271633281296,1.0301208125045271,-0.5634145082533147,ZoneCoin,0
COVAL,Multiple,PoW,1000000000.0,1200000000,-0.10642781790347264,-1.7992086256662787,0.36230246122135695,Circuits of Value,1
ROOT,Scrypt,PoW/PoS,1939889.0,0,-0.33685946971641606,1.03013253699761,-0.563414081523929,RootCoin,0
DOPE,Scrypt,PoW,116845228.0,200000000,-0.165313955420215,-1.1329861748306078,0.0037174721779084175,DopeCoin,1
BTCR,Scrypt,PoS,169598616.0,0,-0.2874400161861517,0.7783605480527488,-0.21106572078599334,BitCurrency,0
DLC,SHA-256,PoW,9106714.0,10638298,-0.14403927228080302,-1.2755018663304774,0.1608533487084684,DollarCoin,1
SCN,Scrypt,PoW/PoW,665200057.0,3100000000,-0.24818606378288507,0.3088283628496493,-0.2856150886721571,Swiscoin,0
SH,Scrypt,PoW,11119200.0,30000000,-0.16781116728376416,-1.1329249499822789,0.0037432287927449273,Shilling,1
BUZZ,SHA-256D,PoW/PoS,19577787259.0,20000000000,0.03294928464626767,1.9465664997068632,-0.7949718274227058,BuzzCoin,0
XPO,PoS,PoS,74033806.7949683,74000000,-0.34102588782190985,1.4792146604619594,-0.024527929917989768,Opair,0
PSB,Scrypt,PoW/PoS,33522957.0,0,-0.3364735871651696,1.0301431207052,-0.5634210882122203,PesoBit,0
HALLO,X11,PoW/PoS,264678458.288619,1500000000,-0.3834823779908881,1.2457831878936572,-0.5186727562122616,Halloween Coin,0
XZC,Lyra2Z,PoW,7568281.24956067,21400000,-0.15307464876891758,-2.17512067382518,0.43039041374059916,ZCoin,1
CFC,PoS,PoS,148716816.0,39999898,-0.34035449988873284,1.4792590181964762,-0.02454403803653813,CoffeeCoin,0
ROYAL,X13,PoS,2500124.0,2500124,-0.2317632413942199,1.5580455869192424,-0.2644399606163507,RoyalCoin,0
GNJ,X14,PoW/PoS,100000000.0,100000000,-0.4256198155238649,2.058858775151325,-0.7518644736598462,GanjaCoin V2,0
TEAM,PoS,PoS,17818682.1654,301000000,-0.3401030961618646,1.47906676035197,-0.02451853159487028,TeamUP,0
LANA,SHA-256D,PoW/PoS,1082162635.53683,7506000000,-0.28162404597024693,1.9474720146866773,-0.7906994466268477,LanaCoin,0
ELE,Ethash,PoW,26205539.0,26205539,-0.15727271979359814,-2.084016475621639,0.39951426835842446,Elementrem,1
ZCL,Equihash,PoW,5613550.0,21000000,-0.17427601162439674,-1.952042319355999,0.42794073636548347,ZClassic,1
ARK,DPoS,DPoS,108202084.0,125000000,3.720025430026931,2.029883807203954,-0.3747358203272349,ARK,0
INSANE,X11,PoW/PoS,18342813.0,30000000,-0.3969157015555796,1.2465364152163072,-0.5185982068870911,InsaneCoin,0
KLC,Scrypt,PoW,196297971.0,10000000000,-0.0948526017990036,-1.1385313904927077,0.0035671797458462244,KiloCoin,1
ATX,X11,PoW,824000000.0,500000000,-0.2150160305845013,-0.9165043307236718,0.04837644877251019,ArtexCoin,1
EMB,X13,PoW/PoS,92192822723.0,850000000,0.8532584704654717,1.8402855326953,-0.6372893675290222,EmberCoin,0
XEN,X11,PoW/PoS,3853326.77707314,3853326.77707314,-0.39727813723964267,1.2465464255145406,-0.5185946384453468,XenixCoin,0
FRE,PoS,PoS,50000000.0,50000000,-0.3414897144074031,1.4792202518892354,-0.024522273133598123,FreeCoin,0
PLNC,Scrypt,PoW/PoS,17089600.0,38540000 ,-0.3364010878322893,1.030115701655106,-0.5634179642088316,PLNCoin,0
ARCO,Scrypt,PoW/PoS,2449577.41533168,42000000,-0.33655542548282824,1.030108828479915,-0.5634147631661117,AquariusCoin,0
KURT,X11,PoW,61364813.0,228000000,-0.22626264107580518,-0.9166052481125785,0.04854932117324862,Kurrent,1
XCRE,PoS,PoS,20000000.0,20000000,-0.3420689813241552,1.4792272553344474,-0.02451521152813308,Creatio,0
ENT,X11,PoW/PoS,6069482.07721352,60000000,-0.3968529310344962,1.246515245681425,-0.5185958901746288,Eternity,0
EUC,SHA-256,PoW/PoS,12416554.0,20000000,-0.3126558730160443,0.8875374265516577,-0.4063072651728198,Eurocoin,0
BCF,Scrypt,PoW/PoS,20244023.640728,33000000,-0.3364018304824277,1.0301199085203272,-0.5634185890193497,BitcoinFast,0
XSN,X11,TPoS,75590369.0,76500000,-0.38218265804565255,0.6644500659859658,-0.24621726518041406,Stakenet,0
BCCOIN,Scrypt,PoW/PoS,11080722.3769581,28000000,-0.3365492422659692,1.030119680609744,-0.5634164884587431,BitConnect Coin,0
MONEY,Scrypt,PoW/PoS,10914418.0,650659833,-0.3321360696440697,1.0297656084021345,-0.5634248807187341,MoneyCoin,0
XNG,X11,PoW/PoS,814671.0,5000000,-0.3973071326769649,1.2465447552926692,-0.5185939798439381,Enigma,0
XCI,CryptoNight,PoW,978145.0,21000000,0.30739674980889864,-2.3610143299504665,0.38267034171259673,Cannabis Industry Coin,1
RC,Scrypt,PoW/PoS,8377873.0,144000000,-0.33575972395591475,1.0300528224642589,-0.5634174591637422,Russiacoin,0
PND,Scrypt,PoS,33813143821.8337,32514916898,0.3541767755296704,0.7711482113451359,-0.21896969025564275,PandaCoin,0
UNITS,Scrypt,PoW/PoS,3472983.0,13000000,-0.33674855693743416,1.030125659530729,-0.5634145976254386,GameUnits,0
GAKH,Scrypt,PoW/PoS,3315789.0,3315789,-0.33681914708967314,1.0301311128623145,-0.5634144316536208,GAKHcoin,0
ASAFE2,Quark,PoS,10517772.7391666,15000000,-0.3608297388609164,1.4443037004859571,-0.18648049688985427,Allsafe,0
LTCR,QuBit,PoW/PoS,30227750.0,78835200,-0.34216943662144006,0.5991058724061349,-0.38924687088850696,LiteCreed,0
OS76,Scrypt,PoW,894026.0,2714286,-0.16812957831500214,-1.132912863075571,0.0037458666184708254,OsmiumCoin,1
BIC,CryptoNight,PoW,9357088.0,25000000,0.3075274874102253,-2.361013796328651,0.3826684286988248,Bikercoins,1
HXX,Lyra2RE,PoW,1876146.443596,9999999,-0.13048226555056808,-2.28643784841754,0.42142391658276734,HexxCoin,1
KED,Scrypt,PoW/PoS,23965372.0,500000000,-0.3330449232327883,1.0298556402978893,-0.5634257365339594,Klingon Empire Darsek,0
IOP,SHA-256,PoW/PoS,2526078.47525448,21000000,-0.31276962416478354,0.8875335436287569,-0.4063050845129645,Internet of People,0
KUSH,X11,PoW/PoS,5659096.95728771,9354000,-0.39721706970437354,1.2465439032044985,-0.5185951135190382,KushCoin,0
PRX,Scrypt,PoW/PoS,11821728.0,20000000,-0.33659691566369737,1.030124477367422,-0.5634165445518032,Printerium,0
PAC,X11,PoW,536982074.0,100000000000,0.4870194791029378,-0.9731717535593734,0.047093158761668655,PacCoin,1
IMPCH,Scrypt,PoW/PoS,308179.0,21933333,-0.33672387940648163,1.0301195198898978,-0.5634140164487272,Impeach,0
CTL,CryptoNight-V7,PoW,10969318.522954,185000000,-0.14548222566613211,-2.1625830687470824,0.42951312723790275,Citadel,1
ZBC,Scrypt,PoS,2922613.96424908,55000000,-0.2890864686283938,0.7782734232202183,-0.211029488349327,Zilbercoin,0
FRST,Scrypt,PoW/PoS ,110000000.0,110000000,-0.29217389376039943,0.22571659517749068,-0.23580796609078467,FirstCoin,0
BVC,Scrypt,PoW,3115258.0,3360000,-0.16809786057956638,-1.1329124858491937,0.0037453650979841794,BeaverCoin,1
FIND,X13,PoS,14524851.4827,14524851.4827,-0.23153105716709696,1.558042779768572,-0.2644427910790607,FindCoin,0
VLTC,X11,PoW,30385540.0,1000000000,-0.2211669891019482,-0.9170545540886653,0.0485457430875579,VaultCoin,1
ZER,Equihash,PoW,6921653.89980891,17000000,-0.17428839269456758,-1.9520396067804588,0.42794050031260744,Zero,1
CHAT,Scrypt,PoW/PoS,1000000000.0,1000000000,-0.3175742740936184,1.0298984387534642,-0.5636490380093055,OpenChat,0
CDN,Scrypt,PoW,99843408.3158479,100000000 ,-0.1662307717294276,-1.1329350167409145,0.0037225977568106027,Canada eCoin,1
ZOI,Lyra2RE,PoW,18545757.5,21000000,-0.13020059625366237,-2.286438516421592,0.4214200695269586,Zoin,1
RNS,Scrypt,PoS,36050365.0,34426423,-0.2888275978211796,0.7782962217758472,-0.2110365592134023,RenosCoin,0
DBIX,Dagger-Hashimoto,PoW,2232901.0,2232901,-0.16624237962136185,-2.154720587527717,0.35841858185689807,DubaiCoin,1
XVP,X11,PoW/PoS,13162749.0858027,100000000,-0.39648263026185837,1.2464948804774636,-0.5185980053058549,VirtacoinPlus,0
TAJ,Blake2S,PoW/PoS,12184195.9258495,36900000,-0.4247223571951389,2.0086339936447692,-0.616437519872784,TajCoin,0
IMX,X11,PoW/PoS,110630387.850471,110000000,-0.39522085994433737,1.2465218570149177,-0.5186197638275066,Impact,0
EB3,Scrypt,PoW,64096052.0,4000000000,-0.13901311181318618,-1.135164361160387,0.003677732685282904,EB3coin,1
ATMOS,PoS,PoS,111135836.889,110290030,-0.3403152463290905,1.479206460727657,-0.024536652255620676,Atmos,0
HPC,X11,PoW/PoS,21521322.0099142,100000000,-0.3963805050520868,1.2464976814938715,-0.5185998596511966,HappyCoin,0
CXT,NIST5,PoW,10123200.0,48252000,-0.1737193833849554,-0.6390479372702531,-0.026692639361206257,Coinonat,1
MCRN,PoS,PoS,401421401.0,400000000,-0.33471423367301634,1.479139021349871,-0.02460497386780157,MacronCoin,0
RAIN,X11,PoW/PoS,121665451.643876,500000000,-0.39232059113356615,1.2463038184192219,-0.5186274915115635,Condensate,0
IMS,Scrypt,PoW/PoS,5368934.0,21212121,-0.336667161027381,1.030121625833215,-0.5634151294114772,Independent Money System,0
ARGUS,Scrypt,PoW/PoS,1148324.0,28600000,-0.33666634197990464,1.0301160110602763,-0.5634142930833895,ArgusCoin,0
LMC,Scrypt,PoW/PoS,500000.0,1000000000,-0.3297861849178218,1.029563499293615,-0.56342729941991,LomoCoin,0
PROC,SHA-256,PoS,100545745.0,75000000000,0.2674658738398041,0.5931085187732908,-0.05495629019847281,ProCurrency,0
XGR,X11,PoW/PoS,17171382.0,40000000,-0.3968591053488623,1.2465303371096932,-0.5185980823790393,GoldReserve,0
BENJI,Scrypt,PoW,20276099.146524,35520400,-0.1676601436288238,-1.1329250200932093,0.003741122607615987,BenjiRolls,1
GRW,Scrypt,PoS,295135466.361878,2000000000,-0.2717244496766066,0.777265505957554,-0.21112064574456665,GrowthCoin,0
ILC,SHA-256,PoW,1317747500.0,2500000000,-0.11039851459109425,-1.2764786711333473,0.16052932806345402,ILCoin,1
PHR,PoS,PoS,11390225.9742772,30000000,-0.3421032669400594,1.4792186845869162,-0.024513436827295162,Phreak,0
DEA,Scrypt,PoW/PoS,21358764.0,105000000,-0.33587766739045954,1.0300793461041693,-0.5634198110120523,Degas Coin,0
HTML5,X15,PoW/PoS,40659020000.0,90000000000,0.8873831596791645,1.7878198318229077,-0.6741425977289146,HTML5 Coin,0
USC,SHA-256,PoS,10343113.0,200084200,-0.264033255498644,0.6356061713608837,-0.05392368729595844,Ultimate Secure Cash,0
EQT,Scrypt,PoW,13673406.4325268,72000000,-0.16748214308849105,-1.1329479733676477,0.0037420935752335346,EquiTrader,1
QTUM,POS 3.0,PoS,100000000.0,100000000,-0.32522239812271964,1.4124647404187523,0.05428087140104227,QTUM,0
QRL,CryptoNight-V7,PoW,69036016.8340164,105000000,-0.14534003578574203,-2.1625181257742687,0.42950132815586617,Quantum Resistant Ledger,1
ESP,536,PoW/PoS,22801882871.0,50000000000,0.5732756897944544,1.9156626352491926,-0.8424430605030573,Espers,0
DYN,Argon2d,PoW,19784224.6512734,0,-0.1462777880654441,-2.183067670692903,0.4501413161713529,Dynamic,1
NANO,Blake2b,PoW,133248297.0,340282367,-0.005958183920595847,-2.309466532875409,0.43347833414712356,Nano,1
CHAN,Cloverhash,PoW,18407259.0885883,30000000,-0.13853340211380094,-2.365011801343283,0.43749050741636464,ChanCoin,1
DCY,CryptoNight,PoW,1809467143.0,2000000000,0.34352575061295165,-2.3615334633189162,0.3822423389217558,Dinastycoin,1
DNR,NIST5,PoW/PoS,4171382.0,10000000,-0.34278676616434905,1.52401532298258,-0.5938505539855489,Denarius,0
DP,X11,PoW,35138975.0,100000000,-0.22749070119069797,-0.9165412615108757,0.04855687214150293,DigitalPrice,1
VUC,NIST5,PoW/PoS,62942075.0,120000000,-0.3412887081586049,1.5239724763834035,-0.5938650813420493,Virta Unique Coin,0
BTPL,Skein,PoW/PoS,6804362.0,100000000,-0.40586940393032034,1.853160337905588,-0.7071111606734969,Bitcoin Planet,0
UNIFY,Scrypt,PoW,18133195.0,19276800,-0.16780150705017646,-1.1329165028123807,0.0037418179049090484,Unify,1
BRIT,X13,PoW/PoS,21268092.0,30000000,-0.27870993161838237,1.8098644135599313,-0.6168300523010218,BritCoin,0
SOCC,Scrypt,PoW,5167775.0, 75000000,-0.1675647924298624,-1.1329525293299552,0.003743939933430099,SocialCoin,1
ARC,X11,PoW,26042364.3735553,60000000,-0.2278854788553933,-0.9165215676414107,0.048559431713537146,ArcticCoin,1
DAS,X11,PoW,2622886.0,18900000,-0.22846305356743446,-0.9165060480546733,0.04856518369789064,DAS,1
LINDA,Scrypt,PoW/PoS,9044930943.24243,50000000000,0.1281718438918577,1.0047351473669601,-0.5660971314286025,Linda,0
XLC,CryptoNight,PoW,14161803.0,54000000,0.3077918269577303,-2.361028674335383,0.38266697019243134,LeviarCoin,1
ONION,X13,PoW/PoS,21917018.0492836,18898187.6216583,-0.2787807246174335,1.8098709430126152,-0.6168300459760009,DeepOnion,0
BTX,Time Travel,PoW,17801865.1605478,21000000,-0.1400817916762594,-2.2972050700809254,0.44275911860133077,Bitcore,1
GCN,Scrypt,PoW,163055097500.0,200000000000,3.2422261452888694,-1.1919817501314265,-0.03513505938979841,gCn Coin,1
SMART,Keccak,PoW,2241009149.22257,5000000000,-0.1255109697718566,-1.1677571093019539,0.10473876250213929,SmartCash,1
SIGT,SkunkHash v2 Raptor,PoS,107972766.0,137500000,-0.3252243739114073,1.5456186622591672,-0.0031977213923018452,Signatum,0
ONX,X11,PoW,122475638.389743,1100000000,-0.2193327427142009,-0.9170805495695431,0.04852395921050612,Onix,1
CRM,Skein,PoW/PoS,47331802.4774238,100000000,-0.405374238858741,1.853173918935125,-0.7071201516664769,Cream,0
BCH,SHA-256,PoW,17995589.6469082,21000000,-0.14385719426340252,-1.275504778805326,0.16085123644589722,Bitcoin Cash,1
XMCC,X11,PoW/PoS,12569262.5359307,9507271,-0.3971315543384081,1.2465461317064255,-0.5185966486107954,Monoeci,0
DFT,Scrypt,PoS,18663297.3489799,17405891.19707116,-0.2891607238627404,0.7783000723591794,-0.21103247148825635,Draftcoin,0
VET,VeChainThor Authority,Proof of Authority,55454734800.0,86712634466,4.402862145977348,2.7393959051247863,6.685631053157392,Vechain,0
SOJ,Scrypt,PoW,485214.0,10500000000,-0.09369960725232569,-1.1388812863144298,0.0036038520435237816,Sojourn Coin,1
STCN,PoS,PoS,4000000.0,61599965,-0.34196948939021815,1.479198241746349,-0.024512225088553958,Stakecoin,0
NYC,Scrypt,PoW,143006669741.687,0,1.579098579103806,-1.0849890814614276,-0.027979858500880233,NewYorkCoin,1
FRAZ,Scrypt,PoW,9704042.0,20000000,-0.1678993664861861,-1.132919738659779,0.0037436781182064033,FrazCoin,1
KRONE,Scrypt,PoW,17453749.4042601,84000000,-0.1673508642543911,-1.1329535292104502,0.00374109245996579,Kronecoin,1
ACC,Scrypt,PoW,32646731.063036,100000000,-0.16705178206488955,-1.1329575348187364,0.0037375053070118013,AdCoin,1
LINX,Scrypt,PoW,33716526.0,100000000,-0.16703871128913117,-1.1329571763229498,0.0037372679735246817,Linx,1
XCXT,Scrypt,PoW/PoS,19539588.0,48252000,-0.3363022872290913,1.0301110008552903,-0.5634186392120735,CoinonatX,0
ETHD,Scrypt,PoW/PoS,4200000.0,4200000,-0.33680207395034883,1.030130906444871,-0.5634146397852619,Ethereum Dark,0
SUMO,CryptoNight,PoW,8946653.0,88888888,0.3079755009787072,-2.3610502582269675,0.3826676548683721,Sumokoin,1
ODN,SHA-512,PoS,25000000.0,91388946,-0.3335445553399244,1.5118100787696447,0.009514683427578201,Obsidian,0
ADA,Ouroboros,PoS,25927070538.0,45000000000,0.6759005118665425,1.2245244001280464,0.022726221078677254,Cardano,0
REC,X11,PoW/PoS,7262402.04264803,27000000,-0.39707235486859965,1.2465344077584457,-0.5185957080912998,Regalcoin,0
BTCZ,Equihash,PoW,5211553258.01514,21000000000,0.038089779768218965,-1.9622254917187552,0.4265018014268027,BitcoinZ,1
TZC,NeoScrypt,PoW/PoS,182638400.0,400000000,-0.3448808397376338,0.565555094889487,-0.39779533654601557,TrezarCoin,0
ELM,X11,PoW,2702855668.85288,1800000000,-0.18284199414876526,-0.9166138347551761,0.04794202702015934,Elements,1
TER,Scrypt,PoW/PoS,1140734.91680375,15733333,-0.3367576706616011,1.0301233239273848,-0.5634141172193781,TerraNovaCoin,0
VIVO,NeoScrypt,PoW,4165967.57499639,27000000,-0.1809828936166109,-1.5973361477652936,0.16940905976463355,VIVO Coin,1
RUP,Lyra2REv2,PoS,24000000.0,24000000,-0.31009836439149807,0.6417933487641277,0.014257911691553295,Rupee,0
BTG,Equihash,PoW,17202361.088994,21000000,-0.1741344193006576,-1.9520384358641263,0.42793816539337404,Bitcoin Gold,1
WOMEN,Scrypt,PoW/PoS,48459472454.0,25000000000,0.4324675590491725,1.0321571163327528,-0.5745027949469126,WomenCoin,0
MAY,SHA-256,PoW/PoS,92050800.0,100000000,-0.31111563002766474,0.8875186281310282,-0.40632601497837717,Theresa May Coin,0
NAMO,NIST5,PoW/PoS,560563220.0,1200000000,-0.3275506155568855,1.5235251931170273,-0.5939900986727283,NamoCoin,0
LUX,PHI1612,PoW/PoS,8305775.31777569,60000000,-0.3923018484285438,1.7962606901993234,-0.5209232214599148,LUXCoin,0
PIRL,Dagger,PoW,33986980.0,156306732.71,-0.1316211026155404,-2.27678722686842,0.36852291760408357,Pirl,1
XIOS,Scrypt,PoW/PoS,2149688.0,21000000,-0.33670799796286277,1.0301206676437975,-0.5634144123517629,Xios,0
BTDX,Quark,PoW/PoS,30711550.5294042,200000000,-0.4066421944444377,1.6960334574130385,-0.5388730370216214,Bitcloud 2.0,0
EBST,Scrypt,PoW,99990001.493466,100000000,-0.16622898065107594,-1.1329349676165124,0.0037225652351854776,eBoost,1
KEK,POS 2.0,PoS,12330806.30517,21000000,-0.36672002697530187,1.5102865011806865,0.059300517765485956,KekCoin,0
BLHC,Scrypt,PoW/PoS,16362544.992,14788275.991,-0.33657839156756947,1.0301289621797614,-0.5634174813769947,BlackholeCoin,0
XIN,SHA-256,PoS,8999999990.0,9000000000,-0.09179832548499064,0.6336154306539612,-0.05603716571164996,Infinity Economics,0
PURA,X11,PoW,175215859.0,350000000,-0.22400651969594532,-0.916636459561411,0.04852241181917948,Pura,1
INN,NeoScrypt,PoW,6375259.04,45000000,-0.18082826465663493,-1.597345641409597,0.16940832596237163,Innova,1
ELLA,Ethash,PoW,12756367.0,280000000,-0.15563741663839176,-2.0841652786907567,0.39951381635014566,Ellaism,1
GBX,NeoScrypt,PoW,5832306.875,31800000,-0.1809284980385166,-1.597338318428206,0.16940862510886312,GoByte,1
MAG,X11,PoW/PoS,38198594.8342105,144000000,-0.3958647431967383,1.2464782537367274,-0.5186041551387951,Magnet,0
TAU,DPoS,DPoS,288090567.493887,500000000,3.724882390107798,2.0297308809012335,-0.3747808050003963,Lamden Tau,0
ECA,NIST5,PoW/PoS,28399150208.0,30000000000,0.2167990612758982,1.5164797094703562,-0.6005559509088071,Electra,0
BCD,X13,PoW/PoS,183534024.889807,210000000,-0.2754510053015607,1.809816450078395,-0.616868487639635,Bitcoin Diamond,0
XSH,Multiple,PoW,481730566.566176,660000000,-0.11658911791170112,-1.7990752815872006,0.3624247492040785,SHIELD,1
CNBC,Scrypt,PoW/PoS,110976977.29338,210000000,-0.3340381681568923,1.0300496795013236,-0.5634411141892695,Cash & Back Coin,0
XUN,CryptoNight,PoW,19281821413.4924,85000000000,1.1455461450878985,-2.402868435391739,0.37724250683929106,UltraNote,1
COAL,CryptoNight,PoW,4500000.0,12500000,0.3073795074453182,-2.361008317033065,0.3826696754581209,BitCoal,1
DAXX,Ethash,PoW,520891780.0,10000000000,-0.0805056798438531,-2.0895213553686687,0.39926950386279103,DaxxCoin,1
BWK,NIST5,PoS,13247178.8807286,27716121,-0.2951792591777804,1.2721801191931466,-0.2414672515306719,Bulwark,0
KLKS,Quark,PoS,16955764.902064,20000000,-0.3607156249580236,1.444303015126348,-0.18648199284196096,Kalkulus,0
AC3,X11,PoW,80316207.0,550000000,-0.2237478300481413,-0.9167819721377802,0.04854075779393785,AC3,1
LTHN,CryptoNight-V7,PoW,441250233.377,999481516,-0.13444965634704636,-2.1629019562855145,0.42940664371713977,Lethean,1
GER,Scrypt,PoW/PoS,4911500269.41,50000000000,0.07766950593601153,1.0033500057589375,-0.565180131841829,GermanCoin,0
LTCU,Scrypt,PoW/PoS,8419402.321,150000000,-0.3357166712855014,1.030049425049903,-0.5634175496010099,LiteCoin Ultra,0
POP,Scrypt,PoW,3964201248.87125,4999999999,-0.08427067177879287,-1.134425963742613,0.0027989589075704245,PopularCoin,1
PNX,X11,PoW/PoS,45174214.1078625,50000000,-0.3964460574168473,1.2465340355032553,-0.518604430167084,PhantomX,0
PHO,BLAKE256,PoW,30089671530.5228, 90000000000,1.1012251256701844,-1.1900193141131334,0.057322944031457906,Photon,1
SUCR,X11,PoW,4229040.50393462,19800000,-0.22843704775019683,-0.9165060215207027,0.04856481518969275,Sucre,1
SPK,NeoScrypt,PoW,7847417.33355824,21000000,-0.1809804588547883,-1.597331502754538,0.16940832426080144,SparksPay,1
WAGE,Quark,PoS,27299680.0,120000000,-0.3598801550590988,1.4442496259261328,-0.1864856413679651,Digiwage,0
GUN,NeoScrypt,PoW,299797953.0,500000000,-0.17401687114916592,-1.5975060060171005,0.16933707079300678,GunCoin,1
IRL,Scrypt,PoW,45483049.3398182,64000000,-0.16715021925966098,-1.13293276529172,0.003735144920086305,IrishCoin,1
TROLL,Scrypt,PoW/PoS,591022748.0,900000000,-0.3232802540093539,1.029818243126725,-0.5635569528711842,Trollcoin,0
LCP,Scrypt,PoW/PoS,2504486.227718,4000000,-0.3368242079467257,1.0301304519773524,-0.5634142609288882,Litecoin Plus,0
MONK,X11,PoS,4407252.0,21000000,-0.34977878853438077,0.9947086897486354,-0.16620943770857774,Monkey Project,0
PCOIN,X11,PoW,8478104.33969947,23000000,-0.22836244179632392,-0.91650641700621,0.04856382921747439,Pioneer Coin,1
UBTC,SHA-256,PoW,20166000.0,20166000,-0.14383658993840429,-1.275503577310569,0.16085076623155192,UnitedBitcoin,1
ITZ,C11,PoW,11916588.09471,23000000,-0.21549057804213934,-1.0969050852972202,0.0934446619077422,Interzone,1
TPAY,POS 3.0,PoS,20445861.5344251,25000000,-0.32672620796869994,1.412480722908043,0.054299535748108876,TokenPay,0
MCT,Ethash,PoS,1618033.0,1618033,-0.2790999046486199,-0.17279540189762593,0.18474585881664662,1717 Masonic Commemorative Token,1
MBC,Scrypt,PoW and PoS,9399342.52839847,30000000,-0.2783532878754069,0.24820585778195509,-0.349801238098071,My Big Coin,0
TRTL,CryptoNight,PoW,53139835213.77,1000000000000,8.047376841967743,-2.9117503736989305,0.357344461717232,TurtleCoin,1
MUN,SkunkHash,PoW,4818338.98949984,16600000,-0.15716148457939175,-2.1680885019204355,0.26451583441926324,MUNcoin,1
USX,Scrypt,PoW/PoS,234846265.782157,232000000,-0.33236873143069695,1.0300786807545195,-0.5634688923521013,Unified Society USDEX,0
NBR,CryptoNight,PoW,133932467.774108,336000000,0.3112548147397355,-2.3611488709083823,0.38263658160026814,Niobio Cash,1
SSS,Scrypt,PoW,10000000000.0,10000000000,0.02492922403912482,-1.1352461011859365,0.001392233213815438,ShareChain,1
TRF,Dagger,PoW,107325266.027783,100000000,-0.1311243181201844,-2.276730637209474,0.36850740978404434,Travelflex,1
KREDS,Lyra2REv2,PoW,643795911.540095,1100000000,-0.1735434743498797,-1.2698260524760185,0.2288800412149493,KREDS,1
TOKC,X13,PoS,230298925.0,800000000,-0.22332501728539506,1.557668501203886,-0.2645012936923869,Tokyo Coin,0
BBP,Proof-of-BibleHash,POBh,1772091549.88818,5200000000,-0.20245895825644641,3.6538520277433943,3.9539814088251597,BiblePay,0
LCC,SHA-256 + Hive,PoW + Hive,638382332.208514,840000000,-0.35440683501637943,2.883677162991582,18.911940860829027,LitecoinCash,3
FLIP,Scrypt,PoW,12446100.00278,40000000,-0.16772404641930266,-1.1329301908806528,0.0037427990472772696,BitFlip,1
LOT,Scrypt,PoW,14491014421.0,18406979840,0.13941339058389693,-1.1385209627521928,0.00028209574692303016,LottoCoin,1
CIF,X11,PoW,211297638.500483,500000000,-0.22250204018971478,-0.9167096515821103,0.04851237649372927,Crypto Improvement Fund,1
SPD,C11,PoW/PoS,11251342.1879021,19340594,-0.3842480775361547,1.0661402787242433,-0.473714893831572,Stipend,0
POA,Proof-of-Authority,PoA,204479039.0,252460800,-0.39771225163537466,3.002348604244867,17.46636185300811,Poa Network,3
PUSHI,X11,PoW/PoS,2167827.1,25000000,-0.3971487822410772,1.2465338376410267,-0.5185945507876546,Pushi,0
ELP,XEVAN,PoW/PoS,419275.38,60000000,-0.30347250723166624,1.3784880663406964,-0.35839087064325686,Ellerium,0
VLX,Scrypt,PoS,25570013.1348022,124000000,-0.28832049171616086,0.7782417822146052,-0.21103544673992108,Velox,0
ONT,VBFT,PoS,650848625.0,1000000000,-0.29656715036422426,1.415183207551783,-0.014539943644275681,Ontology,0
CLO,Ethash,PoW,247612453.0,6500000000,-0.10866268294973794,-2.087622990032926,0.3993775114200098,Callisto Network,1
TUBE,CryptoNight,PoW,80049082.9057215,1000000000,0.3153048090622784,-2.361544448252785,0.3826395468128104,BitTube,1
PSD,Scrypt,PoW,4070212.1493016,21000000,-0.1679611098536531,-1.1329221951508606,0.0037449144432868393,Poseidon,1
ADK,IMesh,PoW,25000000.0,25000000,-0.1552100132830963,-2.2633527953131485,0.4298245679888946,Aidos Kuneen,1
BSX,NIST5,PoW/PoS,13787854.6277781,50000000,-0.3423856368154103,1.5239958033225172,-0.5938532288887155,Bitspace,0
BRIA,Scrypt,PoW/PoS,845637.81347436,3000000,-0.3368515666669436,1.0301304646408018,-0.563413879376839,Briacoin,0
IC,Scrypt,PoW/PoS,1182153.5,5000000,-0.3368332733568293,1.0301294402991943,-0.5634139811073496,Ignition,0
BTL,Equihash,PoW,71355477.0,70000000,-0.17312532246422066,-1.9520481479793572,0.4279254882215211,Bitrolium,1
MEDIC,Scrypt,PoS,267297676.3125,500000000,-0.282700888434001,0.778109010099511,-0.2110941639423848,MedicCoin,0
ALPS,Lyra2Z,PoW,27340501.6514783,300000000,-0.1508575529467621,-2.175272447490578,0.43038225578167455,Alpenschillling,1
BITG,Green Protocol,PoS,9803691.3618195,21000000,-0.37506903209958187,1.5299782512436095,-0.05590286037608618,Bitcoin Green,0
DEV,PoS,PoS,21876586.8530324,88000000,-0.3415638734861795,1.4791892224391412,-0.024516548386771354,Deviant Coin,0
ABJ,Scrypt,PoW/PoS,9880502.37178894,30000000,-0.3365497248230158,1.0301181412972287,-0.5634162492651873,Abjcoin,0
SEM,Semux BFT consensus,DPoS,1231147.0,100000000,3.9057754671022384,2.0233207586132647,-0.46931835749301865,Semux,0
FTO,X11,PoW,31801461.1867843,100000000,-0.22753147900066434,-0.9165423799351616,0.04855761256732093,FuturoCoin,1
CARE,Quark,PoW/PoS,139739596.506702,200000000,-0.40531008761621173,1.6960699934758978,-0.5388972248406501,Carebit,0
NZL,PoS,PoS,11075254.0929996,80000000,-0.3417525714032042,1.4791901512782764,-0.02451404381766973,Zealium,0
XMC,CryptoNight,PoW,16016864.0,18400000,0.3075620568947036,-2.3610078121267706,0.3826670405771633,Monero Classic,1
PROTON,X16R,PoS,4403800.0,45000000,-0.3040876187763968,0.5928465120216223,-0.05555357524266313,Proton,0
DEAL,Scrypt,PoW/PoS,1404157529.46026,5121951220,-0.2834080186700451,1.0276903180290122,-0.5637945003939585,iDealCash,0
JUMP,NIST5,PoW,21069346.2522598,21000000,-0.17377888374359637,-0.639028774873916,-0.026694698838990154,Jumpcoin,1
INFX,Lyra2RE,PoW,5097689.71077377,26280000,-0.13032746518001764,-2.2864460249348117,0.42142298149713675,Infinex,1
XBI,XEVAN,PoS/PoW,10904963.0923455,21000000,-0.2627784162300738,0.8734131801328131,0.06584724901784826,Bitcoin Incognito,0
KEC,Tribus,PoW,795447.0,18000000,-0.17375661684074498,-2.076294425479342,0.4638245373100369,KEYCO,1
HWC,Scrypt,PoS,38706809.466535,26000000,-0.2888548920623366,0.778301902855524,-0.2110370344730086,HollyWoodCoin,0
GIN,Lyra2Z,PoW,6986399.70430446,10500000,-0.15315904877273992,-2.1751146715662273,0.43039069038768507,GINcoin,1
PLTC,CryptoNight,PoW,84300.0,600000518,0.3114914504753975,-2.361343823232033,0.3826627018878974,PlatinCoin,1
LOKI,CryptoNight Heavy,PoW,19153632.0,150000000,0.5663635975381562,-2.2240300259696295,0.3980845507766519,Loki,1
NCP,CryptoNight,PoW,41294520017.0,184000000000,2.1164945949326466,-2.4517787892290035,0.3710188042179644,Newton Coin,1
SIC,Scrypt,PoW/PoS,10200000000.0,10200000000,-0.13993241962292172,1.0277507155550865,-0.5658145970183457,Swisscoin,0
XT3,Scrypt,PoS,7630000.0154,44000000,-0.2891069533435545,0.7782812548053564,-0.21103038376995406,Xt3ch,0
MGD,Jump Consistent Hash,PoW,135862416.039898,168000000,-0.14068150561115175,-2.055928677697736,0.3171735364110913,MassGrid,1
VIG,SHA-256D,PoW/PoS,33238183.7225834,100000000,-0.3469548636844224,1.9513312324620031,-0.7903664857463669,TheVig,0
PLURA,CryptoNight,PoW,560085952.404637,1000000000,0.32116990905492526,-2.361383584531146,0.38253305086653705,PluraCoin,1
EMAR,Scrypt,PoW/PoS,21599339.6728,84000000,-0.3360236364573278,1.0300913663816933,-0.5634195800996206,EmaratCoin,0
DKD,X15,PoS,30284196.369129,90000000,-0.19918933054721424,1.5734954818227078,-0.3115264349262519,Dekado,0
LYNX,Scrypt,HPoW,77872059787.8998,92000000000,2.237534362284731,0.20791943718932537,-0.2973109817401872,Lynx,0
POSQ,Quark,PoS,2716264.95302831,650000000 ,-0.356422350694527,1.4439400536021794,-0.18648736233664898,Poseidon Quark,0
BWS,SHA-256,PoS,57811001.000889,100262205,-0.26416111742903087,0.6356788324961051,-0.05393286670009711,BitcoinWSpectrum,0
MUSE,DPoS,PoS,18194936.0,18081806 ,1.0199048842978495,1.7326165390609338,-0.2053686944437467,Muse,0
XMN,X16R,PoW,8125865.02097646,22075700,-0.18285226868407337,-1.3183545407742503,0.15922010647027643,Motion,1
PLUS1,HMQ1725,PoW,8645406.16776286,21000000,-0.14056949751111075,-2.2605355627975547,0.38023316718814215,PlusOneCoin,1
AXE,X11,PoW,4993030.69736615,21000000,-0.2284192042499912,-0.9165064477684552,0.04856462945403806,Axe,1
TRVC,X16R,PoW/PoS,36923120.6205934,82546564,-0.3507950548687015,0.8446642347404417,-0.40794685366360994,Trivechain,0
DTEM,Quark,PoS,7082392.24744494,21000000,-0.36082916714355634,1.4442991379347383,-0.1864798159763688,Dystem,0
GIC,Quark,PoW/PoS,5919489.76813523,5151000,-0.4083267547032979,1.6961359318292517,-0.5388648991788663,Giant,0
PNY,Scrypt,PoS,1042012.45227735,16880000000,-0.16980543375214394,0.7687068519946246,-0.21125683679438337,Peony Coin,0
ABS,Lyra2REv2,PoW/PoS,13332617.9413708,52500000,-0.3573976045498415,0.893601742786883,-0.3381256633140219,Absolute Coin,0
VITAE,Quark,PoS,66053877.6256106,100000000,-0.359548473051673,1.4442739838332967,-0.18649396822118666,Vitae,0
HEX,Scrypt,PoW,1416663.06600024,22105263,-0.16798569368456576,-1.1329237127767808,0.003745488169546571,HexCoin,1
TPC,Scrypt,PoW/PoS,5403802.49590733,1000000000,-0.32972627016166417,1.0295651425922234,-0.5634283873261113,TPCash,0
WEBC,CryptoNight-V7,PoW,15580199.3087496,1750000000,-0.13432866671639337,-2.163471312476394,0.42949091838750375,Webchain,1
RYO,Cryptonight-GPU,PoW,4890897.0,88188888,-0.16377165155107964,-2.0996726299954465,0.43530628562852297,Ryo,1
URALS,XEVAN,PoW,14746153.0962884,210000000,-0.13351040643986264,-0.7846359222759351,0.20876367320808364,Urals Coin,1
QWC,CryptoNight Heavy,PoW,99553110528.8022,184470000000,3.0894619777726566,-2.2954715910313817,0.3735077892735996,Qwertycoin,1
ARE,X11,PoS,19269509.94,55000000,-0.34935611134079764,0.9946943393191443,-0.16621319516265934,ARENON,0
EUNO,X11,PoW/PoS,30771125.9760867,50000000,-0.396622034633314,1.246529208927408,-0.5186012348489797,EUNO,0
MMO,Scrypt,PoS,107763867.917675,260000000,-0.2863518862430111,0.7781920024463536,-0.21105552248418438,MMOCoin,0
KETAN,PoS,PoS,9327131.59708692,210000000,-0.34085211593770753,1.4791156532958447,-0.024515415851048102,Ketan,0
PPAI,SHA-256,PoW,2100000000.0,2100000000,-0.10367728898718613,-1.275989110759545,0.16036120066024673,Project Pai,1
XDNA,Keccak,PoW/PoS,4672513.84432375,366000000,-0.3544171240754266,0.997171669720064,-0.46186212815542355,XDNA,0
PAXEX,X11,PoS,4504639.0,100000000,-0.3492174193441977,0.9946638065239216,-0.1662105287632742,PAXEX,0
AZART,X11,PoW,5015881.37315389,25000000,-0.22839056155041743,-0.9165087143317822,0.04856457023528814,Azart,1
TSC,Scrypt,PoW/PoS,1059954080.43439,18000000000,-0.19629683830349406,1.0202530916057186,-0.5638924734820743,ThunderStake,0
KCASH,SHA-512,Zero-Knowledge Proof,1000000000.0,1000000000,-0.33414750234596263,1.7002590324988058,0.12112378247574514,Kcash,0
XCG,X16R,PoW,9753753.61515394,100000000,-0.18227982745186602,-1.3183982995223307,0.15921869043665557,Xchange,1
AAC,ECC 256K1,DPOS,1000000000.0,1000000000,-0.3583021993592105,3.471501739747062,11.897548762102534,Acute Angle Cloud,3
CRYP,Equihash,PoW,4235111504.0,7600000000,-0.0688581619880027,-1.9549340646916145,0.4268998248399206,CrypticCoin,1
BTXC,XEVAN,PoS,6787405.18013774,50000000,-0.2560946141909566,1.1266677133373955,-0.006006592291348213,Bettex coin,0
ACM,Lyra2Z,PoW,13634850.0,84000000,-0.1525566383869257,-2.175154232430157,0.4303882204381195,Actinium,1
BSV,SHA-256,PoW,17992514.6469233,21000000,-0.14385723183381333,-1.2755047798357801,0.16085123712808455,Bitcoin SV,1
BITM,XEVAN,Pos,208515864.367343,70000000000,0.5619582531120288,0.8247301386343069,0.2175057888226811,BitMoney,0
JMC,X11,PoS,17209923728.3266,0,-0.13971035539554713,1.000486318647196,-0.17002618889556873,Junson Ming Chan Coin,0
FRED,CryptoNight,PoW,1867054873.28397,8080000000,0.38734189318077167,-2.3649709808041397,0.38214725611706235,FREDEnergy,1
HERB,Quark,PoW/PoS,35312185.7437239,54000000,-0.40762125189121917,1.6961180081754805,-0.5388720812194487,HerbCoin,0
UMO,Blake,PoW,1578281.31341127,105120001.44,-0.13819806476804883,-2.1523574451723966,0.43089339658235,Universal Molecule,1
LIT,Blake,PoW,15846721.2482747,25228800,-0.1385902313999499,-2.1523072411611235,0.4308913126498125,Lithium,1
PIRATE,Equihash,PoS,13475920.0,105000000,-0.29493674255960006,-0.04087210944074547,0.21316365784907276,PirateCash,0
EXO,Exosis,PoW,406091.925,21000000,-0.13390402660191053,-2.1169377498747375,0.3570769049484423,Exosis,1
BLTG,Scrypt,PoW,35284717.173946,120000000,-0.16687773355044513,-1.132968021914831,0.0037366493243816902,Block-Logic,1
OWC,Scrypt,PoW/PoS,14777549.3940764,21000000,-0.3365537105018875,1.0301248993287142,-0.5634172138366778,Oduwa,0
BEAM,Equihash,PoW,35687520.0,262800000,-0.17219399310931308,-1.9521697180019717,0.4279307911423307,Beam,1
GALI,Quark,PoW/PoS,18265011.2486006,19035999,-0.4080774600515045,1.6961321745118794,-0.5388678259926869,Galilel,0
BTH,Equihash,PoW,25150787.5,30886000,-0.1739672048552309,-1.9520413930272709,0.427936268208746,Bithereum,1
CSPN,Quark,PoS,1934701.67524713,13370000,-0.3609461651235602,1.4443017509836027,-0.18647857067385293,Crypto Sports,0
CREDIT,Scrypt,PoW/PoS,30825710000.0296,74800000000,0.5701435937059698,0.9979338705453467,-0.5712649125796877,Credit,0
SLC,QuBit,PoW,12925790.4226959,100000000,-0.17350733219785902,-1.5639554653344583,0.17791643389023815,SLICE,1
DASHP,X11,PoS,715659.44237941,19700000,-0.3498331106260777,0.9947081917918223,-0.16620860113202754,Dash Platinum,0
NSD,Scrypt,PoW/PoS,20546528.2059957,84000000,-0.33603649972871064,1.0300910135771872,-0.5634193465339082,Nasdacoin,0
BEET,XEVAN,PoW/PoS,198938144.363399,500000000,-0.29792701370095964,1.3783044271236553,-0.3584408683851395,Beetle Coin,0
TTN,SHA-256D,PoW/PoS,896361168.0,5000000000,-0.30166391072755455,1.948834550610668,-0.7906243021008973,Titan Coin,0
AWR,X11,PoW/PoS,15420234.5389336,420000000,-0.39418596749471113,1.2463136993168016,-0.5186028380749954,Award,0
BLAST,SHA-256,PoW,52293836.6277958,64000000,-0.14313322987370347,-1.2755177330952618,0.160843045291078,BLAST,1
XRC,X13,PoW,1170292.5,2100000,-0.11042989930344145,-0.35316996503968445,-0.049665463059931095,Bitcoin Rhodium,1
GLT,SHA-256,PoW,84613099.9999955,168000000,-0.14200090122413833,-1.275566032422897,0.16083446739539695,GlobalToken,1
INSN,X11,PoW/PoS,23775960.3207514,30000000,-0.396849319253853,1.2465382359020794,-0.5185994122281847,Insane Coin,0
ALX,DPoS,DPoS,1000000000.0,1000000000,3.7371259523697336,2.0296851691513953,-0.37494551042944513,ALAX,0
LDOGE,Scrypt,PoW/PoS,15318887081.0146,35000000000,0.09846400355722976,1.0153659218766093,-0.5672859455297413,LiteDoge,0
SLR,Scrypt,PoW,55565076.3863525,98100000000,0.5281342190464584,-1.188668263055585,0.002405762086943085,SolarCoin,1
TRK,X11,PoW/PoS,242574105.22384,0,-0.3943887655014871,1.2466286133505584,-0.5186475463702891,TruckCoin,0
UFO,NeoScrypt,PoW,3824685012.0,4000000000,-0.10613166028092602,-1.5983147347971662,0.16850769564022847,UFO Coin,1
OC,Scrypt,PoW/PoS,3537150.0,200000000,-0.3354217788716469,1.030019361213555,-0.563417143342437,OrangeCoin,0
BLC,Blake,PoW,23356790.1494191,7000000000,-0.08904122581999364,-2.1562702668289093,0.43079522673279186,BlakeCoin,1
BITS,Scrypt,PoW/PoS,20576532.0,54256119,-0.33624704335506256,1.030107934669496,-0.5634189505373639,BitstarCoin,0
NEOS,SHA-256,PoS,4392258.24647793,21000000,-0.26537582726490977,0.6357059964385569,-0.05391994277897554,NeosCoin,0
HYPER,Scrypt,PoW/PoS,9631199.99309942,0,-0.33676549712615195,1.0301351144098658,-0.5634157878375362,HyperCoin,0
PINK,X11,PoW/PoS,436353624.490312,500000000,-0.38847572479616527,1.2464092726329628,-0.5186973049298192,PinkCoin,0
CESC,Scrypt,PoW,780210700.0,1000000000,-0.15153624101328414,-1.1332187205581965,0.003559475002514748,Crypto Escudo,1
ADC,Scrypt,PoW/PoS,980732528.97974,10500000000,-0.25044634922262166,1.0244907078114134,-0.5637733682094535,AudioCoin,0
NKA,SHA-256,PoW/PoS,17939725045.334,190000000,-0.092414213140068,0.8934483389758967,-0.41028673119857834,IncaKoin,0
PIGGY,X11,PoW/PoS,494240666.028571,1000000000,-0.3842230210790344,1.2461443933930183,-0.5187169158091881,Piggy Coin,0
CRW,SHA-256,PoW,22986929.0854247,42000000,-0.14364730155393382,-1.2755150458314037,0.16084984483564,Crown Coin,1
GEN,Scrypt,PoW/PoS,60000000.0,15000000,-0.33604372696778256,1.030143465020196,-0.563427165191366,Genstake,0
SMLY,Scrypt,PoW,29583989322.9213,50000000000,0.5478418896559926,-1.1514255764980488,-0.003493958688887982,SmileyCoin,1
MI,Scrypt,PoW/PoS,404316475.545465,400000000,-0.3291068736448358,1.0300399541389347,-0.563508763508023,XiaoMiCoin,0
GRS,Groestl,PoW,73298203.8873662,105000000,-0.20565855090153926,-1.1853259357107075,0.12426984085118488,Groestlcoin,1
CPC,X11,PoW/PoS,201364327.427503,208000000,-0.3934173648866436,1.2464965441860845,-0.5186412197667153,CapriCoin,0
CLUB,Scrypt,PoW/PoS,103621876.167052,160000000,-0.33448257679788346,1.0300756425147068,-0.5634388055969254, ClubCoin,0
RADS,PoS,PoS,3821245.74150193,9000000,-0.34234465331587755,1.4792280878274855,-0.024511473368680124,Radium,0
BTA,Scrypt,PoW,5052555.91981545,5000000,-0.16806256159623628,-1.1329127690775802,0.0037449131081531317,Bata,1
PAK,Scrypt,PoW,69684455.4387001,182000000,-0.16601780246779854,-1.1329917447428806,0.003728178444412041,Pakcoin,1
CRB,X11,Proof of Trust,16901016.6609755,16504333,-0.40875110682392457,0.6848595123326572,-0.20136991734263024,Creditbit ,0
OK,SHA-256,PoW/PoS,74676064.9488608,105000000,-0.3112924604981773,0.8875099629595223,-0.40632222808852086,OKCash,0
LSK,DPoS,DPoS,120012140.0,159918400,3.720417327618469,2.0298679117991023,-0.3747389130844867,Lisk,0
XHI,Scrypt,PoS,10000244677.7002,10008835635,-0.09635756130807165,0.7759642910768071,-0.21338213779609694,HiCoin,0
XWC,Scrypt,PoW/PoS,252005564.19257,300000000,-0.33167689911979414,1.030045769203039,-0.5634736196728737,WhiteCoin,0
FSC,NeoScrypt,PoW/PoS,1120385.00502,60168145,-0.34950833646243856,0.5656874800935113,-0.3977504664450309,FriendshipCoin,0
J,Multiple,PoW,3332922.5,2800000,-0.12709431443683408,-1.7988619415239429,0.3625397782253223,JoinCoin,1
TRI,X13,PoW/PoS,140777.753365,120000,-0.2791799409793312,1.8098743220777438,-0.6168249607210614,Triangles Coin,0
VOLLAR,Equihash+Scrypt,PoW,100000000.0,2100000000,-0.10008983849358069,-2.384732613398384,0.37858528038347306,Vollar,1
EOS,DPoS,DPoS,1020544523.0722,0,3.7302860883691555,2.030260608952256,-0.3749365308872531,EOS,0
RCC,Ethash,PoW,24487944.0958204,24487944,-0.15730588465775674,-2.0840160746521907,0.3995146726576775,Reality Clash,1
OXY,DPoS,DPoS,1122382283.37,0,3.7315303441443373,2.0302947354999556,-0.3749591235448962,Oxycoin,0
TCH,SHA-256,PoS,1000000000.0,1000000000,-0.24626950316341611,0.6354830160472059,-0.05415407092339866,TigerCash,0
WAVES,Leased POS,LPoS,100000000.0,100000000,-0.4311603575447243,3.816120757196174,11.376857916512442,Waves,3
PART,PoS,PoS,9283137.5558676,8634140,-0.3422805140817599,1.4792301261573393,-0.024512680133956,Particl,0
BTT,TRC10,DPoS,989988713439.649,990000000000,34.062421364971094,1.611413428592356,-0.7847606172615412,BitTorrent,2
NXT,PoS,PoS/LPoS,1000000000.0,1000000000,-0.3138634345922257,1.5211534516973835,0.021058105175775606,Nxt,0
ZEPH,SHA-256,DPoS,1999999995.3056,2000000000,2.471302086809393,0.9325474628821608,-0.2237351682252238,ZEPHYR,0
GAP,Scrypt,PoW/PoS,14931046.1546605,250000000,-0.3349280241528936,1.029994751628711,-0.5634203479394962,Gapcoin,0
BDX,CryptoNight,PoW,980222595.0,1400222610,0.3291410763437943,-2.3614703424365526,0.3824344258090911,Beldex,1
ZEN,Equihash,PoW,7296537.5,21000000,-0.17425544884974123,-1.9520417553750846,0.42794036299552457,Horizen,1
XBC,Scrypt,PoS,128326.99633965,1000000,-0.2895035166611016,0.7783031888151607,-0.21102813742204904,BitcoinPlus,0
